"artifact","moduleUrl","moduleLicense","moduleLicenseUrl",
"antlr:antlr:2.7.7","http://www.antlr.org/","BSD Zero Clause License","https://opensource.org/licenses/0BSD",
"ch.qos.logback:logback-classic:1.4.5","http://www.qos.ch","GNU LESSER GENERAL PUBLIC LICENSE, Version 2.1","https://www.gnu.org/licenses/lgpl-2.1",
"ch.qos.logback:logback-core:1.4.5","http://www.qos.ch","GNU LESSER GENERAL PUBLIC LICENSE, Version 2.1","https://www.gnu.org/licenses/lgpl-2.1",
"com.fasterxml:classmate:1.5.1","https://github.com/FasterXML/java-classmate","Apache License, Version 2.0","https://www.apache.org/licenses/LICENSE-2.0",
"com.fasterxml.jackson:jackson-bom:2.14.2",,,,
"com.fasterxml.jackson.core:jackson-annotations:2.14.1","https://github.com/FasterXML/jackson","Apache License, Version 2.0","https://www.apache.org/licenses/LICENSE-2.0",
"com.fasterxml.jackson.core:jackson-core:2.14.1","https://github.com/FasterXML/jackson-core","Apache License, Version 2.0","https://www.apache.org/licenses/LICENSE-2.0",
"com.fasterxml.jackson.core:jackson-databind:2.14.2","https://github.com/FasterXML/jackson","Apache License, Version 2.0","https://www.apache.org/licenses/LICENSE-2.0",
"com.fasterxml.jackson.dataformat:jackson-dataformat-toml:2.14.1","https://github.com/FasterXML/jackson-dataformats-text","Apache License, Version 2.0","https://www.apache.org/licenses/LICENSE-2.0",
"com.fasterxml.jackson.dataformat:jackson-dataformat-xml:2.14.2","https://github.com/FasterXML/jackson-dataformat-xml","Apache License, Version 2.0","https://www.apache.org/licenses/LICENSE-2.0",
"com.fasterxml.jackson.dataformat:jackson-dataformat-yaml:2.14.1","https://github.com/FasterXML/jackson-dataformats-text","Apache License, Version 2.0","https://www.apache.org/licenses/LICENSE-2.0",
"com.fasterxml.jackson.datatype:jackson-datatype-jdk8:2.14.1","https://github.com/FasterXML/jackson-modules-java8/jackson-datatype-jdk8","Apache License, Version 2.0","https://www.apache.org/licenses/LICENSE-2.0",
"com.fasterxml.jackson.datatype:jackson-datatype-jsr310:2.14.1","https://github.com/FasterXML/jackson-modules-java8/jackson-datatype-jsr310","Apache License, Version 2.0","https://www.apache.org/licenses/LICENSE-2.0",
"com.fasterxml.jackson.module:jackson-module-parameter-names:2.14.1","https://github.com/FasterXML/jackson-modules-java8/jackson-module-parameter-names","Apache License, Version 2.0","https://www.apache.org/licenses/LICENSE-2.0",
"com.fasterxml.woodstox:woodstox-core:6.5.0","https://github.com/FasterXML/woodstox","Apache License, Version 2.0","https://www.apache.org/licenses/LICENSE-2.0",
"com.flipkart.zjsonpatch:zjsonpatch:0.4.11","https://github.com/flipkart-incubator/zjsonpatch/","Apache License, Version 2.0","https://www.apache.org/licenses/LICENSE-2.0",
"com.github.ben-manes.caffeine:caffeine:3.1.2","https://github.com/ben-manes/caffeine","Apache License, Version 2.0","https://www.apache.org/licenses/LICENSE-2.0",
"com.github.loki4j:loki-logback-appender:1.4.0","https://github.com/loki4j/loki-logback-appender","BSD Software License, 2-clause version","https://github.com/loki4j/loki-logback-appender/blob/master/LICENSE.md",
"com.github.spullara.mustache.java:compiler:0.9.10","http://github.com/spullara/mustache.java","Apache License, Version 2.0","https://www.apache.org/licenses/LICENSE-2.0",
"com.github.stephenc.jcip:jcip-annotations:1.0-1","http://stephenc.github.com/jcip-annotations","Apache License, Version 2.0","https://www.apache.org/licenses/LICENSE-2.0",
"com.github.vladimir-bukhtoyarov:bucket4j-core:6.2.0","http://github.com/vladimir-bukhtoyarov/bucket4j/bucket4j-core","Apache License, Version 2.0","https://www.apache.org/licenses/LICENSE-2.0",
"com.google.code.findbugs:jsr305:3.0.2","http://findbugs.sourceforge.net/","Apache License, Version 2.0","https://www.apache.org/licenses/LICENSE-2.0",
"com.google.code.gson:gson:2.9.1","https://github.com/google/gson/gson","Apache License, Version 2.0","https://www.apache.org/licenses/LICENSE-2.0",
"com.google.errorprone:error_prone_annotations:2.16",,"Apache License, Version 2.0","https://www.apache.org/licenses/LICENSE-2.0",
"com.google.protobuf:protobuf-java:3.22.0",,"The 3-Clause BSD License","https://opensource.org/licenses/BSD-3-Clause",
"com.nimbusds:content-type:2.2","https://connect2id.com","Apache License, Version 2.0","https://www.apache.org/licenses/LICENSE-2.0",
"com.nimbusds:lang-tag:1.7","https://connect2id.com/","Apache License, Version 2.0","https://www.apache.org/licenses/LICENSE-2.0",
"com.nimbusds:nimbus-jose-jwt:9.24.4","https://connect2id.com","Apache License, Version 2.0","https://www.apache.org/licenses/LICENSE-2.0",
"com.nimbusds:oauth2-oidc-sdk:9.43.1","https://bitbucket.org/connect2id/oauth-2.0-sdk-with-openid-connect-extensions","Apache License, Version 2.0","https://www.apache.org/licenses/LICENSE-2.0",
"com.ongres.scram:client:2.1",,"The 2-Clause BSD License","https://opensource.org/licenses/BSD-2-Clause",
"com.ongres.scram:common:2.1",,"The 2-Clause BSD License","https://opensource.org/licenses/BSD-2-Clause",
"com.ongres.stringprep:saslprep:1.1",,"The 2-Clause BSD License","https://opensource.org/licenses/BSD-2-Clause",
"com.ongres.stringprep:stringprep:1.1",,"The 2-Clause BSD License","https://opensource.org/licenses/BSD-2-Clause",
"com.sendinblue:sib-api-v3-sdk:6.0.0","https://github.com/sendinblue/APIv3-java-library","MIT License","https://opensource.org/licenses/MIT",
"com.squareup.okhttp:logging-interceptor:2.7.5",,"Apache License, Version 2.0","https://www.apache.org/licenses/LICENSE-2.0",
"com.squareup.okhttp:okhttp:2.7.5",,"Apache License, Version 2.0","https://www.apache.org/licenses/LICENSE-2.0",
"com.squareup.okhttp3:logging-interceptor:4.10.0","https://square.github.io/okhttp/","Apache License, Version 2.0","https://www.apache.org/licenses/LICENSE-2.0",
"com.squareup.okhttp3:okhttp:4.10.0","https://square.github.io/okhttp/","Apache License, Version 2.0","https://www.apache.org/licenses/LICENSE-2.0",
"com.squareup.okio:okio:3.0.0",,,,
"com.squareup.okio:okio-jvm:3.0.0","https://github.com/square/okio/","Apache License, Version 2.0","https://www.apache.org/licenses/LICENSE-2.0",
"com.sun.activation:jakarta.activation:2.0.1","https://www.eclipse.org","GNU GENERAL PUBLIC LICENSE, Version 2 + Classpath Exception","https://openjdk.java.net/legal/gplv2+ce.html",
"com.sun.istack:istack-commons-runtime:4.1.1","https://www.eclipse.org","GNU GENERAL PUBLIC LICENSE, Version 2 + Classpath Exception","https://openjdk.java.net/legal/gplv2+ce.html",
"com.sun.mail:jakarta.mail:2.0.1","http://www.oracle.com","GNU GENERAL PUBLIC LICENSE, Version 2 + Classpath Exception","https://openjdk.java.net/legal/gplv2+ce.html",
"com.thoughtworks.qdox:qdox:1.12","http://qdox.codehaus.org","Apache License, Version 2.0","https://www.apache.org/licenses/LICENSE-2.0",
"com.zaxxer:HikariCP:5.0.1","https://github.com/brettwooldridge/HikariCP","Apache License, Version 2.0","https://www.apache.org/licenses/LICENSE-2.0",
"commons-codec:commons-codec:1.15","https://commons.apache.org/proper/commons-codec/","Apache License, Version 2.0","https://www.apache.org/licenses/LICENSE-2.0",
"commons-io:commons-io:2.11.0","https://commons.apache.org/proper/commons-io/","Apache License, Version 2.0","https://www.apache.org/licenses/LICENSE-2.0",
"io.github.classgraph:classgraph:4.8.149","https://github.com/classgraph/classgraph","MIT License","https://opensource.org/licenses/MIT",
"io.gsonfire:gson-fire:1.8.5","http://gsonfire.io","Apache License, Version 2.0","https://www.apache.org/licenses/LICENSE-2.0",
"io.kubernetes:client-java:13.0.2","https://github.com/kubernetes-client/java","Apache License, Version 2.0","https://www.apache.org/licenses/LICENSE-2.0",
"io.kubernetes:client-java-api:13.0.2","https://github.com/kubernetes-client/java","Apache License, Version 2.0","https://www.apache.org/licenses/LICENSE-2.0",
"io.kubernetes:client-java-api-fluent:13.0.2","https://github.com/kubernetes-client/java","Apache License, Version 2.0","https://www.apache.org/licenses/LICENSE-2.0",
"io.kubernetes:client-java-extended:13.0.2","https://github.com/kubernetes-client/java","Apache License, Version 2.0","https://www.apache.org/licenses/LICENSE-2.0",
"io.kubernetes:client-java-proto:13.0.2","https://github.com/kubernetes-client/java","Apache License, Version 2.0","https://www.apache.org/licenses/LICENSE-2.0",
"io.kubernetes:client-java-spring-integration:13.0.2","https://github.com/kubernetes-client/java","Apache License, Version 2.0","https://www.apache.org/licenses/LICENSE-2.0",
"io.lettuce:lettuce-core:6.2.2.RELEASE","http://github.com/lettuce-io/lettuce-core","Apache License, Version 2.0","https://www.apache.org/licenses/LICENSE-2.0",
"io.micrometer:micrometer-commons:1.10.3","https://github.com/micrometer-metrics/micrometer","Apache License, Version 2.0","https://www.apache.org/licenses/LICENSE-2.0",
"io.micrometer:micrometer-core:1.10.4","https://github.com/micrometer-metrics/micrometer","Apache License, Version 2.0","https://www.apache.org/licenses/LICENSE-2.0",
"io.micrometer:micrometer-observation:1.10.3","https://github.com/micrometer-metrics/micrometer","Apache License, Version 2.0","https://www.apache.org/licenses/LICENSE-2.0",
"io.micrometer:micrometer-registry-prometheus:1.10.4","https://github.com/micrometer-metrics/micrometer","Apache License, Version 2.0","https://www.apache.org/licenses/LICENSE-2.0",
"io.netty:netty-all:4.1.86.Final","https://netty.io/netty-all/","Apache License, Version 2.0","https://www.apache.org/licenses/LICENSE-2.0",
"io.netty:netty-buffer:4.1.87.Final","https://netty.io/","Apache License, Version 2.0","https://www.apache.org/licenses/LICENSE-2.0",
"io.netty:netty-codec:4.1.87.Final","https://netty.io/","Apache License, Version 2.0","https://www.apache.org/licenses/LICENSE-2.0",
"io.netty:netty-codec-dns:4.1.87.Final","https://netty.io/","Apache License, Version 2.0","https://www.apache.org/licenses/LICENSE-2.0",
"io.netty:netty-codec-haproxy:4.1.87.Final","https://netty.io/","Apache License, Version 2.0","https://www.apache.org/licenses/LICENSE-2.0",
"io.netty:netty-codec-http:4.1.87.Final","https://netty.io/","Apache License, Version 2.0","https://www.apache.org/licenses/LICENSE-2.0",
"io.netty:netty-codec-http2:4.1.87.Final","https://netty.io/","Apache License, Version 2.0","https://www.apache.org/licenses/LICENSE-2.0",
"io.netty:netty-codec-memcache:4.1.87.Final","https://netty.io/","Apache License, Version 2.0","https://www.apache.org/licenses/LICENSE-2.0",
"io.netty:netty-codec-mqtt:4.1.87.Final","https://netty.io/","Apache License, Version 2.0","https://www.apache.org/licenses/LICENSE-2.0",
"io.netty:netty-codec-redis:4.1.87.Final","https://netty.io/","Apache License, Version 2.0","https://www.apache.org/licenses/LICENSE-2.0",
"io.netty:netty-codec-smtp:4.1.87.Final","https://netty.io/","Apache License, Version 2.0","https://www.apache.org/licenses/LICENSE-2.0",
"io.netty:netty-codec-socks:4.1.87.Final","https://netty.io/","Apache License, Version 2.0","https://www.apache.org/licenses/LICENSE-2.0",
"io.netty:netty-codec-stomp:4.1.87.Final","https://netty.io/","Apache License, Version 2.0","https://www.apache.org/licenses/LICENSE-2.0",
"io.netty:netty-codec-xml:4.1.87.Final","https://netty.io/","Apache License, Version 2.0","https://www.apache.org/licenses/LICENSE-2.0",
"io.netty:netty-common:4.1.87.Final","https://netty.io/","Apache License, Version 2.0","https://www.apache.org/licenses/LICENSE-2.0",
"io.netty:netty-handler:4.1.87.Final","https://netty.io/","Apache License, Version 2.0","https://www.apache.org/licenses/LICENSE-2.0",
"io.netty:netty-handler-proxy:4.1.87.Final","https://netty.io/","Apache License, Version 2.0","https://www.apache.org/licenses/LICENSE-2.0",
"io.netty:netty-handler-ssl-ocsp:4.1.87.Final","https://netty.io/","Apache License, Version 2.0","https://www.apache.org/licenses/LICENSE-2.0",
"io.netty:netty-resolver:4.1.87.Final","https://netty.io/","Apache License, Version 2.0","https://www.apache.org/licenses/LICENSE-2.0",
"io.netty:netty-resolver-dns:4.1.87.Final","https://netty.io/","Apache License, Version 2.0","https://www.apache.org/licenses/LICENSE-2.0",
"io.netty:netty-resolver-dns-classes-macos:4.1.87.Final","https://netty.io/","Apache License, Version 2.0","https://www.apache.org/licenses/LICENSE-2.0",
"io.netty:netty-resolver-dns-native-macos:4.1.87.Final","https://netty.io/","Apache License, Version 2.0","https://www.apache.org/licenses/LICENSE-2.0",
"io.netty:netty-transport:4.1.87.Final","https://netty.io/","Apache License, Version 2.0","https://www.apache.org/licenses/LICENSE-2.0",
"io.netty:netty-transport-classes-epoll:4.1.87.Final","https://netty.io/","Apache License, Version 2.0","https://www.apache.org/licenses/LICENSE-2.0",
"io.netty:netty-transport-classes-kqueue:4.1.87.Final","https://netty.io/","Apache License, Version 2.0","https://www.apache.org/licenses/LICENSE-2.0",
"io.netty:netty-transport-native-epoll:4.1.87.Final","https://netty.io/","Apache License, Version 2.0","https://www.apache.org/licenses/LICENSE-2.0",
"io.netty:netty-transport-native-kqueue:4.1.87.Final","https://netty.io/","Apache License, Version 2.0","https://www.apache.org/licenses/LICENSE-2.0",
"io.netty:netty-transport-native-unix-common:4.1.87.Final","https://netty.io/","Apache License, Version 2.0","https://www.apache.org/licenses/LICENSE-2.0",
"io.netty:netty-transport-rxtx:4.1.87.Final","https://netty.io/","Apache License, Version 2.0","https://www.apache.org/licenses/LICENSE-2.0",
"io.netty:netty-transport-sctp:4.1.87.Final","https://netty.io/","Apache License, Version 2.0","https://www.apache.org/licenses/LICENSE-2.0",
"io.netty:netty-transport-udt:4.1.87.Final","https://netty.io/","Apache License, Version 2.0","https://www.apache.org/licenses/LICENSE-2.0",
"io.projectreactor:reactor-core:3.5.2","https://github.com/reactor/reactor-core","Apache License, Version 2.0","https://www.apache.org/licenses/LICENSE-2.0",
"io.projectreactor.addons:reactor-pool:1.0.0","https://github.com/reactor/reactor-pool","Apache License, Version 2.0","https://www.apache.org/licenses/LICENSE-2.0",
"io.projectreactor.netty:reactor-netty-core:1.1.2","https://github.com/reactor/reactor-netty","Apache License, Version 2.0","https://www.apache.org/licenses/LICENSE-2.0",
"io.projectreactor.netty:reactor-netty-http:1.1.3","https://github.com/reactor/reactor-netty","Apache License, Version 2.0","https://www.apache.org/licenses/LICENSE-2.0",
"io.prometheus:simpleclient:0.16.0",,"Apache License, Version 2.0","https://www.apache.org/licenses/LICENSE-2.0",
"io.prometheus:simpleclient_common:0.16.0",,"Apache License, Version 2.0","https://www.apache.org/licenses/LICENSE-2.0",
"io.prometheus:simpleclient_httpserver:0.16.0",,"Apache License, Version 2.0","https://www.apache.org/licenses/LICENSE-2.0",
"io.prometheus:simpleclient_tracer_common:0.16.0",,"Apache License, Version 2.0","https://www.apache.org/licenses/LICENSE-2.0",
"io.prometheus:simpleclient_tracer_otel:0.16.0",,"Apache License, Version 2.0","https://www.apache.org/licenses/LICENSE-2.0",
"io.prometheus:simpleclient_tracer_otel_agent:0.16.0",,"Apache License, Version 2.0","https://www.apache.org/licenses/LICENSE-2.0",
"io.r2dbc:r2dbc-pool:1.0.0.RELEASE","https://github.com/r2dbc/r2dbc-pool","Apache License, Version 2.0","https://www.apache.org/licenses/LICENSE-2.0",
"io.r2dbc:r2dbc-spi:1.0.0.RELEASE","https://r2dbc.io/r2dbc-spi","Apache License, Version 2.0","https://www.apache.org/licenses/LICENSE-2.0",
"io.sentry:sentry:6.16.0","https://github.com/getsentry/sentry-java","MIT License","https://opensource.org/licenses/MIT",
"io.sentry:sentry-spring:6.16.0","https://github.com/getsentry/sentry-java","MIT License","https://opensource.org/licenses/MIT",
"io.sentry:sentry-spring-boot-starter:6.16.0","https://github.com/getsentry/sentry-java","MIT License","https://opensource.org/licenses/MIT",
"io.swagger:swagger-annotations:1.6.2",,"Apache License, Version 2.0","https://www.apache.org/licenses/LICENSE-2.0",
"io.swagger.core.v3:swagger-annotations:2.2.7","https://github.com/swagger-api/swagger-core/modules/swagger-annotations","Apache License, Version 2.0","https://www.apache.org/licenses/LICENSE-2.0",
"io.swagger.core.v3:swagger-core:2.2.7","https://github.com/swagger-api/swagger-core/modules/swagger-core","Apache License, Version 2.0","https://www.apache.org/licenses/LICENSE-2.0",
"io.swagger.core.v3:swagger-models:2.2.7","https://github.com/swagger-api/swagger-core/modules/swagger-models","Apache License, Version 2.0","https://www.apache.org/licenses/LICENSE-2.0",
"jakarta.activation:jakarta.activation-api:2.1.1","https://www.eclipse.org","PUBLIC DOMAIN",,
"jakarta.annotation:jakarta.annotation-api:2.1.1","https://www.eclipse.org","GNU GENERAL PUBLIC LICENSE, Version 2 + Classpath Exception","https://openjdk.java.net/legal/gplv2+ce.html",
"jakarta.inject:jakarta.inject-api:2.0.0","https://www.eclipse.org","GNU GENERAL PUBLIC LICENSE, Version 2 + Classpath Exception","https://openjdk.java.net/legal/gplv2+ce.html",
"jakarta.mail:jakarta.mail-api:2.1.1","https://www.eclipse.org","PUBLIC DOMAIN",,
"jakarta.persistence:jakarta.persistence-api:3.1.0","https://www.eclipse.org","GNU GENERAL PUBLIC LICENSE, Version 2 + Classpath Exception","https://openjdk.java.net/legal/gplv2+ce.html",
"jakarta.transaction:jakarta.transaction-api:2.0.1","https://projects.eclipse.org/projects/ee4j.jta","GNU GENERAL PUBLIC LICENSE, Version 2 + Classpath Exception","https://openjdk.java.net/legal/gplv2+ce.html",
"jakarta.validation:jakarta.validation-api:3.0.2","https://www.eclipse.org","GNU GENERAL PUBLIC LICENSE, Version 2 + Classpath Exception","https://openjdk.java.net/legal/gplv2+ce.html",
"jakarta.xml.bind:jakarta.xml.bind-api:3.0.1","https://www.eclipse.org","GNU GENERAL PUBLIC LICENSE, Version 2 + Classpath Exception","https://openjdk.java.net/legal/gplv2+ce.html",
"javax.annotation:javax.annotation-api:1.3.2","https://javaee.github.io/glassfish","COMMON DEVELOPMENT AND DISTRIBUTION LICENSE (CDDL) Version 1.0","https://oss.oracle.com/licenses/CDDL",
"junit:junit:4.13.2","http://junit.org","Eclipse Public License - v 1.0","http://www.eclipse.org/legal/epl-v10.html",
"net.arnx:wmf2svg:0.9.8","http://wmf2svg.sourceforge.jp/","Apache License, Version 2.0","https://www.apache.org/licenses/LICENSE-2.0",
"net.bytebuddy:byte-buddy:1.12.22",,"Apache License, Version 2.0","https://www.apache.org/licenses/LICENSE-2.0",
"net.engio:mbassador:1.3.2","https://github.com/bennidi/mbassador","MIT License","https://opensource.org/licenses/MIT",
"net.minidev:accessors-smart:2.4.9","https://urielch.github.io/","Apache License, Version 2.0","https://www.apache.org/licenses/LICENSE-2.0",
"net.minidev:json-smart:2.4.10","https://urielch.github.io/","Apache License, Version 2.0","https://www.apache.org/licenses/LICENSE-2.0",
"org.antlr:antlr-runtime:3.5.2","http://www.antlr.org","BSD 4-Clause \"Original\" or \"Old\" License","http://directory.fsf.org/wiki/License:BSD_4Clause",
"org.antlr:antlr4-runtime:4.10.1","http://www.antlr.org","The BSD License","http://www.antlr.org/license.html",
"org.antlr:stringtemplate:3.2.1","http://www.stringtemplate.org","BSD 4-Clause \"Original\" or \"Old\" License","http://directory.fsf.org/wiki/License:BSD_4Clause",
"org.apache.commons:commons-collections4:4.4","https://commons.apache.org/proper/commons-collections/","Apache License, Version 2.0","https://www.apache.org/licenses/LICENSE-2.0",
"org.apache.commons:commons-compress:1.21","https://commons.apache.org/proper/commons-compress/","PUBLIC DOMAIN",,
"org.apache.commons:commons-lang3:3.12.0","https://commons.apache.org/proper/commons-lang/","Apache License, Version 2.0","https://www.apache.org/licenses/LICENSE-2.0",
"org.apache.commons:commons-text:1.10.0","https://commons.apache.org/proper/commons-text","Apache License, Version 2.0","https://www.apache.org/licenses/LICENSE-2.0",
"org.apache.httpcomponents:httpclient:4.5.14","http://hc.apache.org/httpcomponents-client-ga","Apache License, Version 2.0","https://www.apache.org/licenses/LICENSE-2.0",
"org.apache.httpcomponents:httpcore:4.4.16","http://hc.apache.org/httpcomponents-core-ga","Apache License, Version 2.0","https://www.apache.org/licenses/LICENSE-2.0",
"org.apache.logging.log4j:log4j-api:2.19.0","https://www.apache.org/","Apache License, Version 2.0","https://www.apache.org/licenses/LICENSE-2.0",
"org.apache.logging.log4j:log4j-to-slf4j:2.19.0","https://www.apache.org/","Apache License, Version 2.0","https://www.apache.org/licenses/LICENSE-2.0",
"org.apache.pdfbox:fontbox:2.0.24","http://pdfbox.apache.org/","Apache License, Version 2.0","https://www.apache.org/licenses/LICENSE-2.0",
"org.apache.tomcat.embed:tomcat-embed-el:10.1.5","https://tomcat.apache.org/","Apache License, Version 2.0","https://www.apache.org/licenses/LICENSE-2.0",
"org.apache.xmlgraphics:xmlgraphics-commons:2.7","http://xmlgraphics.apache.org/commons/","Apache License, Version 2.0","https://www.apache.org/licenses/LICENSE-2.0",
"org.aspectj:aspectjweaver:1.9.19","https://www.eclipse.org/aspectj/","Eclipse Public License - v 2.0","https://www.eclipse.org/org/documents/epl-2.0/EPL-2.0.txt",
"org.bitbucket.b_c:jose4j:0.7.8","https://bitbucket.org/b_c/jose4j/","Apache License, Version 2.0","https://www.apache.org/licenses/LICENSE-2.0",
"org.bouncycastle:bcpkix-jdk15on:1.69","https://www.bouncycastle.org/java.html","Bouncy Castle Licence","https://www.bouncycastle.org/licence.html",
"org.bouncycastle:bcprov-ext-jdk15on:1.69","https://www.bouncycastle.org/java.html","Bouncy Castle Licence","https://www.bouncycastle.org/licence.html",
"org.bouncycastle:bcprov-jdk15on:1.70","https://www.bouncycastle.org/java.html","Bouncy Castle Licence","https://www.bouncycastle.org/licence.html",
"org.bouncycastle:bcutil-jdk15on:1.69","https://www.bouncycastle.org/java.html","Bouncy Castle Licence","https://www.bouncycastle.org/licence.html",
"org.checkerframework:checker-qual:3.27.0","https://checkerframework.org","MIT License","https://opensource.org/licenses/MIT",
"org.codehaus.woodstox:stax2-api:4.2.1","http://github.com/FasterXML/stax2-api","The 2-Clause BSD License","https://opensource.org/licenses/BSD-2-Clause",
"org.docx4j:docx4j-JAXB-MOXy:11.4.9","http://www.docx4java.org/docx4j-JAXB-MOXy/","Apache License, Version 2.0","https://www.apache.org/licenses/LICENSE-2.0",
"org.docx4j:docx4j-core:11.4.9","http://www.docx4java.org/docx4j-core/","Apache License, Version 2.0","https://www.apache.org/licenses/LICENSE-2.0",
"org.docx4j:docx4j-openxml-objects:11.4.9","http://www.docx4java.org/docx4j-openxml-objects/","Apache License, Version 2.0","https://www.apache.org/licenses/LICENSE-2.0",
"org.docx4j:docx4j-openxml-objects-pml:11.4.9","http://www.docx4java.org/docx4j-openxml-objects-pml/","Apache License, Version 2.0","https://www.apache.org/licenses/LICENSE-2.0",
"org.docx4j:docx4j-openxml-objects-sml:11.4.9","http://www.docx4java.org/docx4j-openxml-objects-sml/","Apache License, Version 2.0","https://www.apache.org/licenses/LICENSE-2.0",
"org.docx4j.org.apache:xalan-interpretive:11.0.0","http://xml.apache.org/xalan-j/","Apache License, Version 2.0","https://www.apache.org/licenses/LICENSE-2.0",
"org.docx4j.org.apache:xalan-serializer:11.0.0","http://xml.apache.org/xalan-j/","Apache License, Version 2.0","https://www.apache.org/licenses/LICENSE-2.0",
"org.eclipse.angus:angus-activation:1.0.0","https://www.eclipse.org","GNU GENERAL PUBLIC LICENSE, Version 2 + Classpath Exception","https://openjdk.java.net/legal/gplv2+ce.html",
"org.eclipse.persistence:org.eclipse.persistence.asm:9.1.0","http://www.eclipse.org/eclipselink","PUBLIC DOMAIN","https://opensource.org/licenses/CDDL-1.0",
"org.eclipse.persistence:org.eclipse.persistence.core:3.0.2","http://www.eclipse.org/eclipselink","PUBLIC DOMAIN","https://opensource.org/licenses/CDDL-1.0",
"org.eclipse.persistence:org.eclipse.persistence.moxy:3.0.2","http://www.eclipse.org/eclipselink","PUBLIC DOMAIN","https://opensource.org/licenses/CDDL-1.0",
"org.flywaydb:flyway-core:9.16.1",,"Apache License, Version 2.0","https://www.apache.org/licenses/LICENSE-2.0",
"org.freehep:freehep-graphics2d:2.4",,"GNU LESSER GENERAL PUBLIC LICENSE, Version 2.1","https://www.gnu.org/licenses/lgpl-2.1",
"org.freehep:freehep-graphicsbase:2.4",,"GNU LESSER GENERAL PUBLIC LICENSE, Version 2.1","https://www.gnu.org/licenses/lgpl-2.1",
"org.freehep:freehep-graphicsio:2.4",,"GNU LESSER GENERAL PUBLIC LICENSE, Version 2.1","https://www.gnu.org/licenses/lgpl-2.1",
"org.freehep:freehep-graphicsio-emf:2.4",,"GNU LESSER GENERAL PUBLIC LICENSE, Version 2.1","https://www.gnu.org/licenses/lgpl-2.1",
"org.freehep:freehep-graphicsio-tests:2.4",,"GNU LESSER GENERAL PUBLIC LICENSE, Version 2.1","https://www.gnu.org/licenses/lgpl-2.1",
"org.freehep:freehep-io:2.2.2","http://freehep.github.com/freehep-io","GNU LESSER GENERAL PUBLIC LICENSE, Version 2.1","https://www.gnu.org/licenses/lgpl-2.1",
"org.glassfish.jaxb:jaxb-core:4.0.1","https://www.eclipse.org","PUBLIC DOMAIN",,
"org.glassfish.jaxb:jaxb-runtime:4.0.1","https://www.eclipse.org","PUBLIC DOMAIN",,
"org.glassfish.jaxb:txw2:4.0.1","https://eclipse-ee4j.github.io/jaxb-ri/","PUBLIC DOMAIN",,
"org.hamcrest:hamcrest:2.2","http://hamcrest.org/JavaHamcrest/","The 3-Clause BSD License","https://opensource.org/licenses/BSD-3-Clause",
"org.hamcrest:hamcrest-core:2.2","http://hamcrest.org/JavaHamcrest/","The 3-Clause BSD License","https://opensource.org/licenses/BSD-3-Clause",
"org.hdrhistogram:HdrHistogram:2.1.12","http://hdrhistogram.github.io/HdrHistogram/","The 2-Clause BSD License","https://opensource.org/licenses/BSD-2-Clause",
"org.hibernate.common:hibernate-commons-annotations:6.0.2.Final","http://hibernate.org","GNU LESSER GENERAL PUBLIC LICENSE, Version 2.1","https://www.gnu.org/licenses/lgpl-2.1",
"org.hibernate.orm:hibernate-core:6.1.6.Final","https://www.hibernate.org/orm/6.1","GNU LESSER GENERAL PUBLIC LICENSE, Version 2.1","https://www.gnu.org/licenses/lgpl-2.1",
"org.hibernate.validator:hibernate-validator:8.0.0.Final",,"Apache License, Version 2.0","https://www.apache.org/licenses/LICENSE-2.0",
"org.jboss:jandex:2.4.2.Final","http://www.jboss.org","PUBLIC DOMAIN","http://repository.jboss.org/licenses/cc0-1.0.txt",
"org.jboss.logging:jboss-logging:3.5.0.Final","http://www.jboss.org","PUBLIC DOMAIN","http://repository.jboss.org/licenses/cc0-1.0.txt",
"org.jetbrains:annotations:13.0","http://www.jetbrains.org","Apache License, Version 2.0","https://www.apache.org/licenses/LICENSE-2.0",
"org.jetbrains.kotlin:kotlin-bom:1.7.21",,,,
"org.jetbrains.kotlin:kotlin-reflect:1.7.0","https://kotlinlang.org/","Apache License, Version 2.0","https://www.apache.org/licenses/LICENSE-2.0",
"org.jetbrains.kotlin:kotlin-stdlib:1.7.0","https://kotlinlang.org/","Apache License, Version 2.0","https://www.apache.org/licenses/LICENSE-2.0",
"org.jetbrains.kotlin:kotlin-stdlib-common:1.7.0","https://kotlinlang.org/","Apache License, Version 2.0","https://www.apache.org/licenses/LICENSE-2.0",
"org.jetbrains.kotlin:kotlin-stdlib-jdk7:1.7.0","https://kotlinlang.org/","Apache License, Version 2.0","https://www.apache.org/licenses/LICENSE-2.0",
"org.jetbrains.kotlin:kotlin-stdlib-jdk8:1.7.0","https://kotlinlang.org/","Apache License, Version 2.0","https://www.apache.org/licenses/LICENSE-2.0",
"org.jsoup:jsoup:1.15.4","https://jsoup.org/","MIT License","https://opensource.org/licenses/MIT",
"org.junit:junit-bom:5.9.2",,,,
"org.junit.jupiter:junit-jupiter:5.9.2","https://junit.org/junit5/","Eclipse Public License - v 2.0","https://www.eclipse.org/org/documents/epl-2.0/EPL-2.0.txt",
"org.junit.jupiter:junit-jupiter-api:5.9.2","https://junit.org/junit5/","Eclipse Public License - v 2.0","https://www.eclipse.org/org/documents/epl-2.0/EPL-2.0.txt",
"org.junit.jupiter:junit-jupiter-engine:5.9.2","https://junit.org/junit5/","Eclipse Public License - v 2.0","https://www.eclipse.org/org/documents/epl-2.0/EPL-2.0.txt",
"org.junit.jupiter:junit-jupiter-params:5.9.2","https://junit.org/junit5/","Eclipse Public License - v 2.0","https://www.eclipse.org/org/documents/epl-2.0/EPL-2.0.txt",
"org.junit.platform:junit-platform-commons:1.9.2","https://junit.org/junit5/","Eclipse Public License - v 2.0","https://www.eclipse.org/org/documents/epl-2.0/EPL-2.0.txt",
"org.junit.platform:junit-platform-engine:1.9.2","https://junit.org/junit5/","Eclipse Public License - v 2.0","https://www.eclipse.org/org/documents/epl-2.0/EPL-2.0.txt",
"org.latencyutils:LatencyUtils:2.0.3","http://latencyutils.github.io/LatencyUtils/","PUBLIC DOMAIN","http://creativecommons.org/publicdomain/zero/1.0/",
"org.opentest4j:opentest4j:1.2.0","https://github.com/ota4j-team/opentest4j","Apache License, Version 2.0","https://www.apache.org/licenses/LICENSE-2.0",
"org.ow2.asm:asm:9.4","http://asm.ow2.org","The 3-Clause BSD License","https://opensource.org/licenses/BSD-3-Clause",
"org.ow2.asm:asm-bom:9.4",,,,
"org.plutext:jaxb-svg11:11.4.0","https://github.com/plutext/JAXB-classes-for-SVG","Apache License, Version 2.0","https://www.apache.org/licenses/LICENSE-2.0",
"org.postgresql:postgresql:42.5.4","https://jdbc.postgresql.org/","The 2-Clause BSD License","https://opensource.org/licenses/BSD-2-Clause",
"org.postgresql:r2dbc-postgresql:1.0.1.RELEASE","https://github.com/pgjdbc/r2dbc-postgresql","Apache License, Version 2.0","https://www.apache.org/licenses/LICENSE-2.0",
"org.reactivestreams:reactive-streams:1.0.4","http://www.reactive-streams.org/","MIT-0","https://spdx.org/licenses/MIT-0.html",
"org.slf4j:jcl-over-slf4j:2.0.6","http://www.slf4j.org","MIT License","https://opensource.org/licenses/MIT",
"org.slf4j:jul-to-slf4j:2.0.6","http://www.slf4j.org","MIT License","https://opensource.org/licenses/MIT",
"org.slf4j:slf4j-api:2.0.6","http://www.slf4j.org","MIT License","https://opensource.org/licenses/MIT",
"org.springdoc:springdoc-openapi-common:1.6.14",,"Apache License, Version 2.0","https://www.apache.org/licenses/LICENSE-2.0",
"org.springdoc:springdoc-openapi-webflux-core:1.6.14",,"Apache License, Version 2.0","https://www.apache.org/licenses/LICENSE-2.0",
"org.springdoc:springdoc-openapi-webflux-ui:1.6.14",,"Apache License, Version 2.0","https://www.apache.org/licenses/LICENSE-2.0",
"org.springframework:spring-aop:6.0.4","https://github.com/spring-projects/spring-framework","Apache License, Version 2.0","https://www.apache.org/licenses/LICENSE-2.0",
"org.springframework:spring-aspects:6.0.4","https://github.com/spring-projects/spring-framework","Apache License, Version 2.0","https://www.apache.org/licenses/LICENSE-2.0",
"org.springframework:spring-beans:6.0.4","https://github.com/spring-projects/spring-framework","Apache License, Version 2.0","https://www.apache.org/licenses/LICENSE-2.0",
"org.springframework:spring-context:6.0.4","https://github.com/spring-projects/spring-framework","Apache License, Version 2.0","https://www.apache.org/licenses/LICENSE-2.0",
"org.springframework:spring-context-support:6.0.4","https://github.com/spring-projects/spring-framework","Apache License, Version 2.0","https://www.apache.org/licenses/LICENSE-2.0",
"org.springframework:spring-core:6.0.4","https://github.com/spring-projects/spring-framework","Apache License, Version 2.0","https://www.apache.org/licenses/LICENSE-2.0",
"org.springframework:spring-core:6.0.8","https://github.com/spring-projects/spring-framework","Apache License, Version 2.0","https://www.apache.org/licenses/LICENSE-2.0",
"org.springframework:spring-expression:6.0.4","https://github.com/spring-projects/spring-framework","Apache License, Version 2.0","https://www.apache.org/licenses/LICENSE-2.0",
"org.springframework:spring-jcl:6.0.4","https://github.com/spring-projects/spring-framework","Apache License, Version 2.0","https://www.apache.org/licenses/LICENSE-2.0",
"org.springframework:spring-jdbc:6.0.4","https://github.com/spring-projects/spring-framework","Apache License, Version 2.0","https://www.apache.org/licenses/LICENSE-2.0",
"org.springframework:spring-orm:6.0.4","https://github.com/spring-projects/spring-framework","Apache License, Version 2.0","https://www.apache.org/licenses/LICENSE-2.0",
"org.springframework:spring-oxm:6.0.4","https://github.com/spring-projects/spring-framework","Apache License, Version 2.0","https://www.apache.org/licenses/LICENSE-2.0",
"org.springframework:spring-r2dbc:6.0.4","https://github.com/spring-projects/spring-framework","Apache License, Version 2.0","https://www.apache.org/licenses/LICENSE-2.0",
"org.springframework:spring-tx:6.0.4","https://github.com/spring-projects/spring-framework","Apache License, Version 2.0","https://www.apache.org/licenses/LICENSE-2.0",
"org.springframework:spring-web:6.0.4","https://github.com/spring-projects/spring-framework","Apache License, Version 2.0","https://www.apache.org/licenses/LICENSE-2.0",
"org.springframework:spring-webflux:6.0.4","https://github.com/spring-projects/spring-framework","Apache License, Version 2.0","https://www.apache.org/licenses/LICENSE-2.0",
"org.springframework.boot:spring-boot:3.0.2","https://spring.io/projects/spring-boot","Apache License, Version 2.0","https://www.apache.org/licenses/LICENSE-2.0",
"org.springframework.boot:spring-boot-actuator:3.0.2","https://spring.io/projects/spring-boot","Apache License, Version 2.0","https://www.apache.org/licenses/LICENSE-2.0",
"org.springframework.boot:spring-boot-actuator-autoconfigure:3.0.6","https://spring.io/projects/spring-boot","Apache License, Version 2.0","https://www.apache.org/licenses/LICENSE-2.0",
"org.springframework.boot:spring-boot-autoconfigure:3.0.2","https://spring.io/projects/spring-boot","Apache License, Version 2.0","https://www.apache.org/licenses/LICENSE-2.0",
"org.springframework.boot:spring-boot-devtools:3.0.2","https://spring.io/projects/spring-boot","Apache License, Version 2.0","https://www.apache.org/licenses/LICENSE-2.0",
"org.springframework.boot:spring-boot-starter:3.0.2","https://spring.io/projects/spring-boot","Apache License, Version 2.0","https://www.apache.org/licenses/LICENSE-2.0",
"org.springframework.boot:spring-boot-starter-actuator:3.0.2","https://spring.io/projects/spring-boot","Apache License, Version 2.0","https://www.apache.org/licenses/LICENSE-2.0",
"org.springframework.boot:spring-boot-starter-aop:3.0.2","https://spring.io/projects/spring-boot","Apache License, Version 2.0","https://www.apache.org/licenses/LICENSE-2.0",
"org.springframework.boot:spring-boot-starter-data-jpa:3.0.2","https://spring.io/projects/spring-boot","Apache License, Version 2.0","https://www.apache.org/licenses/LICENSE-2.0",
"org.springframework.boot:spring-boot-starter-data-r2dbc:3.0.2","https://spring.io/projects/spring-boot","Apache License, Version 2.0","https://www.apache.org/licenses/LICENSE-2.0",
"org.springframework.boot:spring-boot-starter-data-redis:3.0.2","https://spring.io/projects/spring-boot","Apache License, Version 2.0","https://www.apache.org/licenses/LICENSE-2.0",
"org.springframework.boot:spring-boot-starter-jdbc:3.0.2","https://spring.io/projects/spring-boot","Apache License, Version 2.0","https://www.apache.org/licenses/LICENSE-2.0",
"org.springframework.boot:spring-boot-starter-json:3.0.2","https://spring.io/projects/spring-boot","Apache License, Version 2.0","https://www.apache.org/licenses/LICENSE-2.0",
"org.springframework.boot:spring-boot-starter-logging:3.0.2","https://spring.io/projects/spring-boot","Apache License, Version 2.0","https://www.apache.org/licenses/LICENSE-2.0",
"org.springframework.boot:spring-boot-starter-oauth2-client:3.0.2","https://spring.io/projects/spring-boot","Apache License, Version 2.0","https://www.apache.org/licenses/LICENSE-2.0",
"org.springframework.boot:spring-boot-starter-reactor-netty:3.0.2","https://spring.io/projects/spring-boot","Apache License, Version 2.0","https://www.apache.org/licenses/LICENSE-2.0",
"org.springframework.boot:spring-boot-starter-security:3.0.2","https://spring.io/projects/spring-boot","Apache License, Version 2.0","https://www.apache.org/licenses/LICENSE-2.0",
"org.springframework.boot:spring-boot-starter-validation:3.0.2","https://spring.io/projects/spring-boot","Apache License, Version 2.0","https://www.apache.org/licenses/LICENSE-2.0",
"org.springframework.boot:spring-boot-starter-webflux:3.0.2","https://spring.io/projects/spring-boot","Apache License, Version 2.0","https://www.apache.org/licenses/LICENSE-2.0",
"org.springframework.cloud:spring-cloud-commons:3.1.3","https://projects.spring.io/spring-cloud/spring-cloud-commons/","Apache License, Version 2.0","https://www.apache.org/licenses/LICENSE-2.0",
"org.springframework.cloud:spring-cloud-context:3.1.3","https://projects.spring.io/spring-cloud/spring-cloud-context/","Apache License, Version 2.0","https://www.apache.org/licenses/LICENSE-2.0",
"org.springframework.cloud:spring-cloud-kubernetes-client-autoconfig:2.1.3","https://cloud.spring.io/spring-cloud-kubernetes-client-autoconfig","Apache License, Version 2.0","https://www.apache.org/licenses/LICENSE-2.0",
"org.springframework.cloud:spring-cloud-kubernetes-client-config:2.1.3","https://cloud.spring.io/spring-cloud-kubernetes-client-config","Apache License, Version 2.0","https://www.apache.org/licenses/LICENSE-2.0",
"org.springframework.cloud:spring-cloud-kubernetes-commons:2.1.3","https://cloud.spring.io/spring-cloud-kubernetes-commons","Apache License, Version 2.0","https://www.apache.org/licenses/LICENSE-2.0",
"org.springframework.cloud:spring-cloud-starter:3.1.3","https://projects.spring.io/spring-cloud","Apache License, Version 2.0","https://www.apache.org/licenses/LICENSE-2.0",
"org.springframework.cloud:spring-cloud-starter-bootstrap:3.1.3","https://projects.spring.io/spring-cloud","Apache License, Version 2.0","https://www.apache.org/licenses/LICENSE-2.0",
"org.springframework.cloud:spring-cloud-starter-kubernetes-client-config:2.1.3","https://cloud.spring.io/spring-cloud-starter-kubernetes-client-config","Apache License, Version 2.0","https://www.apache.org/licenses/LICENSE-2.0",
"org.springframework.data:spring-data-commons:3.0.1","https://spring.io/projects/spring-data","Apache License, Version 2.0","https://www.apache.org/licenses/LICENSE-2.0",
"org.springframework.data:spring-data-jpa:3.0.1","https://projects.spring.io/spring-data-jpa","Apache License, Version 2.0","https://www.apache.org/licenses/LICENSE-2.0",
"org.springframework.data:spring-data-keyvalue:3.0.1",,"Apache License, Version 2.0","https://www.apache.org/licenses/LICENSE-2.0",
"org.springframework.data:spring-data-r2dbc:3.0.1","https://projects.spring.io/spring-data-r2dbc","Apache License, Version 2.0","https://www.apache.org/licenses/LICENSE-2.0",
"org.springframework.data:spring-data-redis:3.0.1","https://spring.io/projects/spring-data-redis","Apache License, Version 2.0","https://www.apache.org/licenses/LICENSE-2.0",
"org.springframework.data:spring-data-relational:3.0.1",,"Apache License, Version 2.0","https://www.apache.org/licenses/LICENSE-2.0",
"org.springframework.security:spring-security-config:6.0.1","https://spring.io/projects/spring-security","Apache License, Version 2.0","https://www.apache.org/licenses/LICENSE-2.0",
"org.springframework.security:spring-security-core:6.0.3","https://spring.io/projects/spring-security","Apache License, Version 2.0","https://www.apache.org/licenses/LICENSE-2.0",
"org.springframework.security:spring-security-crypto:6.0.1","https://spring.io/projects/spring-security","Apache License, Version 2.0","https://www.apache.org/licenses/LICENSE-2.0",
"org.springframework.security:spring-security-oauth2-client:6.0.1","https://spring.io/projects/spring-security","Apache License, Version 2.0","https://www.apache.org/licenses/LICENSE-2.0",
"org.springframework.security:spring-security-oauth2-core:6.0.1","https://spring.io/projects/spring-security","Apache License, Version 2.0","https://www.apache.org/licenses/LICENSE-2.0",
"org.springframework.security:spring-security-oauth2-jose:6.0.1","https://spring.io/projects/spring-security","Apache License, Version 2.0","https://www.apache.org/licenses/LICENSE-2.0",
"org.springframework.security:spring-security-rsa:1.0.10.RELEASE","http://github.com/spring-projects/spring-security-oauth","Apache License, Version 2.0","https://www.apache.org/licenses/LICENSE-2.0",
"org.springframework.security:spring-security-web:6.0.1","https://spring.io/projects/spring-security","Apache License, Version 2.0","https://www.apache.org/licenses/LICENSE-2.0",
"org.springframework.session:spring-session-core:3.0.0","https://spring.io/projects/spring-session","Apache License, Version 2.0","https://www.apache.org/licenses/LICENSE-2.0",
"org.springframework.session:spring-session-data-redis:3.0.0","https://spring.io/projects/spring-session","Apache License, Version 2.0","https://www.apache.org/licenses/LICENSE-2.0",
"org.threeten:threetenbp:1.3.5","https://www.threeten.org/threetenbp","The 3-Clause BSD License","https://opensource.org/licenses/BSD-3-Clause",
"org.webjars:swagger-ui:4.15.5","http://webjars.org","Apache License, Version 2.0","https://www.apache.org/licenses/LICENSE-2.0",
"org.webjars:webjars-locator-core:0.52","http://webjars.org","MIT License","https://opensource.org/licenses/MIT",
"org.yaml:snakeyaml:2.0","https://bitbucket.org/snakeyaml/snakeyaml","Apache License, Version 2.0","https://www.apache.org/licenses/LICENSE-2.0",
"software.amazon.awssdk:annotations:2.20.12",,"Apache License, Version 2.0","https://www.apache.org/licenses/LICENSE-2.0",
"software.amazon.awssdk:apache-client:2.20.12",,"Apache License, Version 2.0","https://www.apache.org/licenses/LICENSE-2.0",
"software.amazon.awssdk:arns:2.20.12","https://aws.amazon.com/sdkforjava","Apache License, Version 2.0","https://www.apache.org/licenses/LICENSE-2.0",
"software.amazon.awssdk:auth:2.20.12","https://aws.amazon.com/sdkforjava","Apache License, Version 2.0","https://www.apache.org/licenses/LICENSE-2.0",
"software.amazon.awssdk:aws-core:2.20.12","https://aws.amazon.com/sdkforjava","Apache License, Version 2.0","https://www.apache.org/licenses/LICENSE-2.0",
"software.amazon.awssdk:aws-query-protocol:2.20.12","https://aws.amazon.com/sdkforjava","Apache License, Version 2.0","https://www.apache.org/licenses/LICENSE-2.0",
"software.amazon.awssdk:aws-xml-protocol:2.20.12","https://aws.amazon.com/sdkforjava","Apache License, Version 2.0","https://www.apache.org/licenses/LICENSE-2.0",
"software.amazon.awssdk:bom:2.20.12",,,,
"software.amazon.awssdk:endpoints-spi:2.20.12",,"Apache License, Version 2.0","https://www.apache.org/licenses/LICENSE-2.0",
"software.amazon.awssdk:http-client-spi:2.20.12",,"Apache License, Version 2.0","https://www.apache.org/licenses/LICENSE-2.0",
"software.amazon.awssdk:json-utils:2.20.12","https://aws.amazon.com/sdkforjava","Apache License, Version 2.0","https://www.apache.org/licenses/LICENSE-2.0",
"software.amazon.awssdk:metrics-spi:2.20.12",,"Apache License, Version 2.0","https://www.apache.org/licenses/LICENSE-2.0",
"software.amazon.awssdk:netty-nio-client:2.20.12",,"Apache License, Version 2.0","https://www.apache.org/licenses/LICENSE-2.0",
"software.amazon.awssdk:profiles:2.20.12","https://aws.amazon.com/sdkforjava","Apache License, Version 2.0","https://www.apache.org/licenses/LICENSE-2.0",
"software.amazon.awssdk:protocol-core:2.20.12","https://aws.amazon.com/sdkforjava","Apache License, Version 2.0","https://www.apache.org/licenses/LICENSE-2.0",
"software.amazon.awssdk:regions:2.20.12",,"Apache License, Version 2.0","https://www.apache.org/licenses/LICENSE-2.0",
"software.amazon.awssdk:s3:2.20.12","https://aws.amazon.com/sdkforjava","Apache License, Version 2.0","https://www.apache.org/licenses/LICENSE-2.0",
"software.amazon.awssdk:sdk-core:2.20.12","https://aws.amazon.com/sdkforjava","Apache License, Version 2.0","https://www.apache.org/licenses/LICENSE-2.0",
"software.amazon.awssdk:third-party-jackson-core:2.20.12","https://aws.amazon.com/sdkforjava","Apache License, Version 2.0","https://www.apache.org/licenses/LICENSE-2.0",
"software.amazon.awssdk:utils:2.20.12",,"Apache License, Version 2.0","https://www.apache.org/licenses/LICENSE-2.0",
"software.amazon.eventstream:eventstream:1.0.1","https://github.com/awslabs/aws-eventstream-java","Apache License, Version 2.0","https://www.apache.org/licenses/LICENSE-2.0",